Segment,SVG Path,Color
segment_0,"M350.19546627576176,652.7944544147226a58.125,58.125 0 0 0 -31.19546627576178,-107.16945441472267l0,-58.125a116.25,116.25 0 0 1 62.39093255152356,214.33890882944533Z","rgb(99, 110, 250)"
segment_1,"M319,545.625a58.125,58.125 0 0 0 -49.310413372840166,88.89834492705701l-49.310413372840166,30.773344927057014a116.25,116.25 0 0 1 98.62082674568033,-177.79668985411402Z","rgb(239, 85, 59)"
segment_2,"M269.6895866271598,634.523344927057a58.125,58.125 0 0 0 80.50587964860192,18.271109487665672l31.19546627576175,49.044454414722686a116.25,116.25 0 0 1 -161.01175929720384,-36.542218975331345Z","rgb(0, 204, 150)"
